method,raw_bytes,compressed_bytes,ratio,encode_ns,decode_ns,mse_sums,mse_mins,mse_maxs,mse_lasts
Raw,138000,138000,1.00,7314166,0,0.000000,0.000000,0.000000,0.000000
GZIP,138000,125416,1.10,8230041,3044709,0.000000,0.000000,0.000000,0.000000
TurboQuant-3bit,138000,16100,8.57,425372167,420834625,23044.868242,95.321886,96.257681,96.108687
TurboQuant-3bit+GZIP,138000,18400,7.50,418631708,419560834,23044.868242,95.321886,96.257681,96.108687
TurboQuant-4bit,138000,19800,6.97,1069709792,1054128333,10528.393917,39.836045,43.186168,41.062486
TurboQuant-4bit+GZIP,138000,22100,6.24,1057826208,1055426625,10528.393917,39.836045,43.186168,41.062486
